pays,nbbuyerssirenSE,n1SE
AT,3.5725915,4422
BE,2.9706585,7123
CY,4.8411283,1347
CZ,3.8723927,3260
DE,2.9445906,7219
DK,3.6597741,4691
ES,3.0557666,6581
EE,5.8529139,1081
FI,4.2050161,3668
GB,3.0246191,6824
GR,3.7282608,3956
HU,4.0861678,2646
IE,3.9000001,3230
IT,3.0936911,6372
LT,5.3810701,1215
LU,3.5992713,3294
LV,5.3456464,1137
MT,4.5508318,1082
NL,3.1720083,6209
PL,3.738718,3900
PT,3.5140786,4688
SK,4.1704473,1543
SI,4.4133167,1592
SE,2.8188488,7905
