pays,nbbuyerssirenCY,n1CY
AT,1.7071221,1376
BE,1.5878725,1946
CY,1.5733461,2086
CZ,1.7239,1159
DE,1.607615,1891
DK,1.72373,1437
ES,1.6081718,1909
EE,1.8333334,576
FI,1.7333333,1200
GB,1.6155928,1847
GR,1.6480144,1662
HU,1.7354345,1047
IE,1.7283186,1130
IT,1.6074154,1834
LT,1.8412213,655
LU,1.681199,1101
LV,1.790199,653
MT,1.9135135,740
NL,1.6484919,1724
PL,1.7270743,1374
PT,1.6532602,1641
SK,1.8702163,601
SI,1.744012,668
SE,1.7082405,1347
