pays,nbbuyerssirenDE,n1DE
AT,22.121599,7977
BE,11.531883,19493
CY,28.047594,1891
CZ,20.78264,5599
DE,9.639843,25786
DK,19.230799,8020
ES,12.641646,15814
EE,35.177856,1445
FI,23.903149,5049
GB,12.988664,15878
GR,19.76671,6897
HU,21.722183,4359
IE,22.089334,5597
IT,12.84717,15370
LT,28.741188,1901
LU,17.08548,8037
LV,31.649155,1656
MT,27.785004,1507
NL,14.546838,13931
PL,18.018347,7086
PT,16.26363,9483
SK,25.636848,2437
SI,29.979113,2298
SE,19.943344,7219
