pays,nbbuyerssirenSK,n1SK
AT,1.6811415,1612
BE,1.5443144,2392
CY,1.7387687,601
CZ,1.6975718,1812
DE,1.5597045,2437
DK,1.704039,1436
ES,1.5643892,2415
EE,1.9429066,578
FI,1.7370079,1270
GB,1.5867026,2226
GR,1.6719395,1454
HU,1.7481432,1481
IE,1.7316177,1088
IT,1.5746825,2283
LT,1.9693878,686
LU,1.6398571,1119
LV,1.8121645,559
MT,1.7484787,493
NL,1.6111112,1998
PL,1.6640253,1893
PT,1.638859,1858
SK,1.5241935,2728
SI,1.92372,957
SE,1.6863253,1543
